account,name,email,password,role,status,joined,sector,year_established,revenue,employees,office_location,subsidiary_of
"Betasoloin","Betasoloin","betasoloin@example.com","password123","User","Active","2026-04-25","medical","1999","251.41","495","United States",""
"Bioholding","Bioholding","bioholding@example.com","password123","User","Active","2026-04-20","medical","2012","587.34","1356","Philipines",""
"Acme Corporation","Acme Corporation","admin@smartwinnr.com","admin123","Admin","Active","2026-05-08","technolgy","1996","1100.04","2822","United States",""
"Bioplex","Bioplex","bioplex@example.com","password123","User","Active","2026-04-20","medical","1991","326.82","1016","United States",""
"Blackzim","Blackzim","blackzim@example.com","password123","User","Active","2026-04-18","retail","2009","497.11","1588","United States",""
"Bluth Company","Bluth Company","bluth.company@example.com","password123","User","Active","2026-04-18","technolgy","1993","1242.32","3027","United States","Acme Corporation"
"Bubba Gump","Bubba Gump","bubba.gump@example.com","password123","User","Active","2026-04-13","software","2002","987.39","2253","United States",""
"Cancity","Cancity","cancity@example.com","password123","User","Active","2026-05-04","retail","2001","718.62","2448","United States",""
"Cheers","Cheers","cheers@example.com","password123","User","Active","2026-04-19","entertainment","1993","4269.9","6472","United States","Massive Dynamic"
"Betatech","Betatech","betatech@example.com","password123","User","Active","2026-05-04","medical","1986","647.18","1185","Kenya",""
"Codehow","Codehow","codehow@example.com","password123","User","Inactive","2026-04-27","software","1998","2714.9","2641","United States","Acme Corporation"
"Condax","Condax","condax@example.com","password123","Moderator","Active","2026-05-04","medical","2017","4.54","9","United States",""
"Conecom","Conecom","conecom@example.com","password123","User","Active","2026-05-01","technolgy","2005","1520.66","1806","United States",""
"Dalttechnology","Dalttechnology","dalttechnology@example.com","password123","User","Active","2026-04-23","software","2013","98.79","96","United States","Bubba Gump"
"Domzoom","Domzoom","domzoom@example.com","password123","User","Inactive","2026-04-24","entertainment","1998","217.87","551","United States",""
"dambase","dambase","dambase@example.com","password123","User","Active","2026-04-23","marketing","1995","2173.98","2928","United States","Inity"
"Dontechi","Dontechi","dontechi@example.com","password123","User","Active","2026-04-22","software","1982","4618","10083","United States",""
"Donware","Donware","donware@example.com","password123","User","Inactive","2026-04-27","marketing","1999","1197.44","2570","United States",""
"Doncon","Doncon","doncon@example.com","password123","User","Active","2026-04-30","technolgy","2010","587.72","1501","United States",""
"Fasehatice","Fasehatice","fasehatice@example.com","password123","User","Active","2026-05-10","retail","1990","4968.91","7523","United States",""
"Donquadtech","Donquadtech","donquadtech@example.com","password123","User","Active","2026-04-30","technolgy","1992","1712.68","3194","United States","Acme Corporation"
"Faxquote","Faxquote","faxquote@example.com","password123","User","Active","2026-04-15","telecommunications","1995","1825.82","5595","United States","Sonron"
"Finjob","Finjob","finjob@example.com","password123","User","Active","2026-05-06","employment","1988","2059.9","3644","United States",""
"Finhigh","Finhigh","finhigh@example.com","password123","Moderator","Active","2026-05-04","finance","2006","1102.43","1759","United States",""
"Funholding","Funholding","funholding@example.com","password123","User","Active","2026-05-09","finance","1991","2819.5","7227","United States","Golddex"
"Ganjaflex","Ganjaflex","ganjaflex@example.com","password123","Moderator","Active","2026-04-13","retail","1995","5158.71","17479","Japan",""
"Gekko & Co","Gekko & Co","gekko.co@example.com","password123","Moderator","Active","2026-04-27","retail","1990","2520.83","3502","United States",""
"Genco Pura Olive Oil Company","Genco Pura Olive Oil Company","genco.pura.olive.oil.company@example.com","password123","User","Active","2026-04-24","retail","2007","894.33","1635","Italy",""
"Gogozoom","Gogozoom","gogozoom@example.com","password123","User","Active","2026-05-11","telecommunications","2007","86.68","187","United States","Sonron"
"Golddex","Golddex","golddex@example.com","password123","User","Active","2026-05-11","finance","2008","52.5","165","United States",""
"Globex Corporation","Globex Corporation","globex.corporation@example.com","password123","User","Active","2026-05-03","technolgy","2000","1223.72","2497","Norway",""
"Goodsilron","Goodsilron","goodsilron@example.com","password123","User","Active","2026-05-02","marketing","2000","2952.73","5107","United States",""
"Green-Plus","Green-Plus","green.plus@example.com","password123","Moderator","Active","2026-04-18","services","2003","692.19","1922","United States",""
"Groovestreet","Groovestreet","groovestreet@example.com","password123","Moderator","Active","2026-04-24","retail","2003","223.8","299","United States",""
"Hottechi","Hottechi","hottechi@example.com","password123","User","Active","2026-05-05","technolgy","1997","8170.38","16499","Korea",""
"Hatfan","Hatfan","hatfan@example.com","password123","User","Active","2026-05-07","services","1982","792.46","1299","United States",""
"Isdom","Isdo","isdom@example.com","","User","Active","2026-05-12","medical","2002","3178.24","4540","United States",""
"Initech","Initech","initech@example.com","password123","User","Active","2026-04-25","telecommunications","1994","6395.05","20275","United States",""
"Inity","Inity","inity@example.com","password123","User","Active","2026-05-09","marketing","1986","2403.58","8801","United States",""
"Kinnamplus","Kinnamplus","kinnamplus@example.com","password123","User","Active","2026-05-04","retail","2004","702.72","1831","United States",""
"Massive Dynamic","Massive Dynamic","massive.dynamic@example.com","password123","User","Active","2026-04-21","entertainment","1989","665.06","1095","United States",""
"Iselectrics","Iselectrics","iselectrics@example.com","password123","User","Active","2026-04-29","technolgy","2011","527.11","1428","United States","Acme Corporation"
"J-Texon","J-Texon","j.texon@example.com","password123","User","Active","2026-05-09","retail","1989","1388.67","3583","United States",""
"Kan-code","Kan-code","kan.code@example.com","password123","Admin","Active","2026-04-30","software","1982","11698.03","34288","United States",""
"Konmatfix","Konmatfix","konmatfix@example.com","password123","Moderator","Inactive","2026-05-08","marketing","1985","375.43","1190","United States",""
"Konex","Konex","konex@example.com","password123","Admin","Active","2026-04-27","technolgy","1980","7708.38","13756","United States",""
"Lexiqvolax","Lexiqvolax","lexiqvolax@example.com","password123","Moderator","Active","2026-04-27","medical","2004","1618.89","3889","United States",""
"Labdrill","Labdrill","labdrill@example.com","password123","User","Active","2026-04-17","medical","1985","2741.37","9226","United States",""
"Newex","Newex","newex@example.com","password123","User","Inactive","2026-04-22","services","1991","1012.72","3492","Germany",""
"Mathtouch","Mathtouch","mathtouch@example.com","password123","User","Inactive","2026-05-02","marketing","1984","3027.46","9516","Jordan",""
"Nam-zim","Nam-zim","nam.zim@example.com","password123","User","Active","2026-05-10","services","1987","405.59","1179","Brazil","Warephase"
"Plexzap","Plexzap","plexzap@example.com","password123","User","Inactive","2026-05-02","retail","2001","2437.85","4874","United States",""
"Ontomedia","Ontomedia","ontomedia@example.com","password123","User","Active","2026-05-03","employment","1997","882.12","2769","United States",""
"Opentech","Opentech","opentech@example.com","password123","User","Active","2026-04-14","finance","1994","355.23","853","United States",""
"Rangreen","Rangreen","rangreen@example.com","password123","User","Inactive","2026-05-02","technolgy","1987","2938.67","8775","Panama",""
"Plusstrip","Plusstrip","plusstrip@example.com","password123","User","Active","2026-04-15","entertainment","2002","349.81","315","United States",""
"Plussunin","Plussunin","plussunin@example.com","password123","User","Active","2026-05-01","retail","2003","1419.98","4018","United States",""
"Ron-tech","Ron-tech","ron.tech@example.com","password123","Admin","Active","2026-05-01","medical","1992","3922.42","6837","United States",""
"Rantouch","Rantouch","rantouch@example.com","password123","User","Active","2026-04-29","telecommunications","1994","1188.42","3015","United States",""
"Scotfind","Scotfind","scotfind@example.com","password123","Admin","Active","2026-04-30","software","1996","6354.87","16780","United States","Bubba Gump"
"Rundofase","Rundofase","rundofase@example.com","password123","User","Active","2026-04-21","technolgy","1983","1008.06","1238","United States",""
"Silis","Silis","silis@example.com","password123","Moderator","Active","2026-04-25","medical","1994","2818.38","6290","United States",""
"Scottech","Scottech","scottech@example.com","password123","Moderator","Active","2026-05-10","marketing","2012","45.39","100","United States","Inity"
"Stanredtax","Stanredtax","stanredtax@example.com","password123","Moderator","Inactive","2026-05-06","finance","1987","1698.2","3798","United States",""
"Singletechno","Singletechno","singletechno@example.com","password123","User","Active","2026-05-06","retail","1996","2214.94","5374","United States",""
"Treequote","Treequote","treequote@example.com","password123","User","Active","2026-04-26","telecommunications","1988","5266.09","8595","United States","Sonron"
"Sonron","Sonron","sonron@example.com","password123","Moderator","Active","2026-05-08","telecommunications","1999","1699.85","5108","United States",""
"Vehement Capital Partners","Vehement Capital Partners","vehement.capital.partners@example.com","password123","User","Active","2026-04-27","finance","1993","646.1","883","United States","Golddex"
"Warephase","Warephase","warephase@example.com","password123","User","Active","2026-05-08","services","1997","2041.73","5276","United States",""
"Xx-holding","Xx-holding","xx.holding@example.com","password123","User","Active","2026-04-17","finance","1993","7537.24","20293","United States",""
"Sunnamplex","Sunnamplex","sunnamplex@example.com","password123","User","Active","2026-05-11","marketing","2008","894.37","1593","Poland",""
"Y-corporation","Y-corporation","y.corporation@example.com","password123","User","Inactive","2026-05-06","employment","1983","2871.35","9561","United States",""
"Statholdings","Statholdings","statholdings@example.com","password123","Admin","Active","2026-04-21","employment","1997","291.27","586","United States",""
"Streethex","Streethex","streethex@example.com","password123","Moderator","Active","2026-04-24","retail","1988","1376.8","1165","Belgium",""
"Sumace","Sumace","sumace@example.com","password123","User","Inactive","2026-05-01","retail","2000","167.89","493","Romania",""
"Zoomit","Zoomit","zoomit@example.com","password123","Moderator","Active","2026-04-27","entertainment","1992","324.19","978","United States",""
"Zotware","Zotware","zotware@example.com","password123","User","Inactive","2026-05-10","software","1979","4478.47","13809","United States",""
"Zencorporation","Zencorporation","zencorporation@example.com","password123","Moderator","Active","2026-05-01","technolgy","2011","40.79","142","China",""
"Xx-zobam","Xx-zobam","xx.zobam@example.com","password123","User","Active","2026-04-21","entertainment","1989","3838.39","8274","United States",""
"Zumgoity","Zumgoity","zumgoity@example.com","password123","User","Active","2026-05-03","medical","1984","441.08","1210","United States",""
"Yearin","Yearin","yearin@example.com","password123","User","Inactive","2026-04-23","retail","2005","2261.05","3851","United States",""
"Zathunicon","Zathunicon","zathunicon@example.com","password123","User","Active","2026-05-05","retail","2010","71.12","144","United States",""
"The New York Inquirer","The New York Inquirer","the.new.york.inquirer@example.com","password123","User","Active","2026-04-29","medical","1996","439.21","792","United States",""
"Toughzap","Toughzap","toughzap@example.com","password123","User","Active","2026-04-23","retail","1995","332.43","799","United States",""
"Umbrella Corporation","Umbrella Corporation","umbrella.corporation@example.com","password123","User","Inactive","2026-05-08","finance","1998","2022.14","5113","United States",""